{"/":{"":{"Adapter_name":"inv2pvdirect","Adapter_platform":"x86e_win64","Adapter_version":"20.1.5.1-Q3TIBO","Source_file_name":"7ME44543ED111BA3 v5.ipt"},"Mass Properties":{"CenterOfGravity":"0.000000,0.000000,0.000000","Density":"1.000000","IsMassOverridden":"FALSE","IsUptoDate":"FALSE","IsVolumeOverridden":"FALSE","Mass":"0.000000","MomentsOfInertia":"Ixx : 1.000000,Iyy : 1.000000,Izz : 1.000000","SurfaceArea":"0.000000","Volume":"0.000000"},"Project Properties":{"Creation Date":"10/7/2024 0:0:0","Designer":"AdminForWorker","Part Number":"001_objects","SubType":"Modeling"},"Status Properties":{"Design State":"WorkInProgress"},"Summary Properties":{"Author":"AdminForWorker","Title":"7ME44543ED111BA3 v6"},"__PV_SystemProperties":{"Child Count":"0","Component Name":"7ME44543ED111BA3 v5","Display Name":"7ME44543ED111BA3 v5","Model Extents (mm)":"533.75","OL File Name":"7ME44543ED111BA3 v5.ol","Part Depth":"1","Part ID Path":"/","Part Name":"7ME44543ED111BA3 v5","Part Path":"7ME44543ED111BA3 v5"},"__StructureProperties":{"Bounds":{"min":[-0.11749999970197678,-0.2449999898672104,-0.3587501049041748],"max":[0.12399999052286148,0.2449999898672104,0.17499999701976776]},"Location":[1,0,0,0,0,1,0,0,0,0,1,0,0,0,0,1]}}}
