{"/":{"":{"Adapter_name":"obj2pv","Adapter_platform":"x86e_win64","Adapter_version":"19.1.6.0-P4EETo","Source_file_name":"basec.obj"},"__PV_SystemProperties":{"Child Count":"1","Component Name":"basec","Display Name":"basec","Model Extents (mm)":"3937","OL File Name":"","Part Depth":"1","Part ID Path":"/","Part Name":"basec","Part Path":"basec"},"__StructureProperties":{"Bounds":{"min":[-1.968500018119812,-1.968500018119812,0],"max":[1.968500018119812,1.968500018119812,1.389299988746643]},"Location":[1,0,0,0,0,1,0,0,0,0,1,0,0,0,0,1]}},"/@@PV-AUTO-ID@@000":{"__PV_SystemProperties":{"Child Count":"0","Component Name":"Cylinder002","Display Name":"Cylinder002","Model Extents (mm)":"3937","OL File Name":"basec_2.ol","Part Depth":"2","Part ID":"@@PV-AUTO-ID@@000","Part ID Path":"/@@PV-AUTO-ID@@000","Part Name":"Cylinder002","Part Path":"basec/Cylinder002"},"__StructureProperties":{"Bounds":{"min":[-1.968500018119812,-1.968500018119812,0],"max":[1.968500018119812,1.968500018119812,1.389299988746643]},"Location":[1,0,0,0,0,1,0,0,0,0,1,0,0,0,0,1]}}}
