{"/":{"":{"Adapter_name":"obj2pv","Adapter_platform":"x86e_win64","Adapter_version":"19.1.6.0-P4EETo","Source_file_name":"CILINDRO.obj"},"__PV_SystemProperties":{"Child Count":"1","Component Name":"CILINDRO","Display Name":"CILINDRO","Model Extents (mm)":"2320.4","OL File Name":"","Part Depth":"1","Part ID Path":"/","Part Name":"CILINDRO","Part Path":"CILINDRO"},"__StructureProperties":{"Bounds":{"min":[-1.1601999998092651,-1.1601999998092651,1.0078999996185303],"max":[1.1601999998092651,1.1601999998092651,3.0034000873565674]},"Location":[1,0,0,0,0,1,0,0,0,0,1,0,0,0,0,1]}},"/@@PV-AUTO-ID@@000":{"__PV_SystemProperties":{"Child Count":"0","Component Name":"Cylinder004","Display Name":"Cylinder004","Model Extents (mm)":"2320.4","OL File Name":"CILINDRO_2.ol","Part Depth":"2","Part ID":"@@PV-AUTO-ID@@000","Part ID Path":"/@@PV-AUTO-ID@@000","Part Name":"Cylinder004","Part Path":"CILINDRO/Cylinder004"},"__StructureProperties":{"Bounds":{"min":[-1.1601999998092651,-1.1601999998092651,1.0078999996185303],"max":[1.1601999998092651,1.1601999998092651,3.0034000873565674]},"Location":[1,0,0,0,0,1,0,0,0,0,1,0,0,0,0,1]}}}
