{"/":{"":{"Adapter_name":"step2pv","Adapter_platform":"x86e_win64","Adapter_version":"20.1.5.1-Q3TIBO","Pro/E Layer Compatibility":"1","Source_file_name":"G_IC03_XX_22631V.stp"},"__PV_SystemProperties":{"Child Count":"0","Component Name":"G_IC03_XX_22631V","Display Name":"G_IC03_XX_22631V","Model Extents (mm)":"96","OL File Name":"G_IC03_XX_22631V.ol","Part Depth":"1","Part ID Path":"/","Part Name":"G_IC03_XX_22631V","Part Path":"G_IC03_XX_22631V"},"__StructureProperties":{"Bounds":{"min":[-5.820766091346741e-11,-5.820766091346741e-11,-2.923442737889914e-14],"max":[0.09600000083446503,0.06000000238418579,0.03800000250339508]},"Location":[1,0,0,0,0,1,0,0,0,0,1,0,0,0,0,1]}}}
