{"/":{"":{"Adapter_name":"step2pv","Adapter_platform":"x86e_win64","Adapter_version":"20.1.5.1-Q3TIBO","Pro/E Layer Compatibility":"1","Source_file_name":"G_PCS7_XX_01038V.stp"},"__PV_SystemProperties":{"Child Count":"5","Component Name":"G_PCS7_XX_01038V","Display Name":"G_PCS7_XX_01038V","Model Extents (mm)":"329","OL File Name":"","Part Depth":"1","Part ID Path":"/","Part Name":"G_PCS7_XX_01038V","Part Path":"G_PCS7_XX_01038V"},"__StructureProperties":{"Bounds":{"min":[-0.006849989295005798,0,-0.0020000000949949026],"max":[0.32214999198913574,0.12299999594688416,0.07202419638633728]},"Location":[1,0,0,0,0,1,0,0,0,0,1,0,0,0,0,1]}},"/3":{"":{"Pro/E Layer Compatibility":"1"},"__PV_SystemProperties":{"Child Count":"0","Component Name":"A5E46900893A_001.PRT","Display Name":"A5E46900893A_001.PRT","Model Extents (mm)":"249.91","OL File Name":"G_PCS7_XX_01038V.ol","Part Depth":"2","Part ID":"3","Part ID Path":"/3","Part Name":"A5E46900893A_001.PRT","Part Path":"G_PCS7_XX_01038V/A5E46900893A_001.PRT"},"__StructureProperties":{"Bounds":{"min":[0.05632999911904335,0.08507999777793884,0.02645000070333481],"max":[0.3062399923801422,0.10982999950647354,0.05477999895811081]},"Location":[1,0,0,0,0,1,0,0,0,0,1,0,0,0,0,1]}},"/4":{"":{"Pro/E Layer Compatibility":"1"},"__PV_SystemProperties":{"Child Count":"0","Component Name":"A5E46900895A_001.PRT","Display Name":"A5E46900895A_001.PRT","Model Extents (mm)":"233.599","OL File Name":"G_PCS7_XX_01038V_2.ol","Part Depth":"2","Part ID":"4","Part ID Path":"/4","Part Name":"A5E46900895A_001.PRT","Part Path":"G_PCS7_XX_01038V/A5E46900895A_001.PRT"},"__StructureProperties":{"Bounds":{"min":[0.05857662484049797,0.1042499989271164,0.04064000025391579],"max":[0.29217153787612915,0.1098800003528595,0.04403867945075035]},"Location":[1,0,0,0,0,1,0,0,0,0,1,0,0,0,0,1]}},"/5":{"":{"Pro/E Layer Compatibility":"1"},"__PV_SystemProperties":{"Child Count":"2","Component Name":"A5E43344111A_001.ASM","Display Name":"A5E43344111A_001.ASM","Model Extents (mm)":"329","OL File Name":"","Part Depth":"2","Part ID":"5","Part ID Path":"/5","Part Name":"A5E43344111A_001.ASM","Part Path":"G_PCS7_XX_01038V/A5E43344111A_001.ASM"},"__StructureProperties":{"Bounds":{"min":[-0.006849989295005798,0,-0.0020000000949949026],"max":[0.32214999198913574,0.12299999594688416,0.07202419638633728]},"Location":[1,0,0,0,0,1,0,0,0,0,1,0,-0.2423499971628189,0.0689999982714653,0,1]}},"/5/3":{"":{"Pro/E Layer Compatibility":"1"},"__PV_SystemProperties":{"Child Count":"0","Component Name":"A5E43344122A_001.PRT","Display Name":"A5E43344122A_001.PRT","Model Extents (mm)":"329","OL File Name":"G_PCS7_XX_01038V_3.ol","Part Depth":"3","Part ID":"3","Part ID Path":"/5/3","Part Name":"A5E43344122A_001.PRT","Part Path":"G_PCS7_XX_01038V/A5E43344111A_001.ASM/A5E43344122A_001.PRT"},"__StructureProperties":{"Bounds":{"min":[-0.006850004196166992,0,-0.0020000000949949026],"max":[0.32214999198913574,0.12299999594688416,0.07202419638633728]},"Location":[1,0,0,0,0,1,0,0,0,0,1,0,0.15765000879764557,0.0689999982714653,0,1]}},"/5/5":{"":{"Pro/E Layer Compatibility":"1"},"__PV_SystemProperties":{"Child Count":"0","Component Name":"A5E43353145A_001.PRT","Display Name":"A5E43353145A_001.PRT","Model Extents (mm)":"290.016","OL File Name":"G_PCS7_XX_01038V_4.ol","Part Depth":"3","Part ID":"5","Part ID Path":"/5/5","Part Name":"A5E43353145A_001.PRT","Part Path":"G_PCS7_XX_01038V/A5E43344111A_001.ASM/A5E43353145A_001.PRT"},"__StructureProperties":{"Bounds":{"min":[0.01713430881500244,0.014489024877548218,0.017799999564886093],"max":[0.3071507215499878,0.11653098464012146,0.07200617343187332]},"Location":[1,0,0,0,0,1,0,0,0,0,1,0,0.15765033662319183,0.0690055862828558,1.3877787807814457e-17,1]}}}
