{"/":{"":{"Adapter_name":"inv2pvdirect","Adapter_platform":"x86e_win64","Adapter_version":"20.1.5.1-Q3TIBO","Source_file_name":"G_ST70_XX_96882V.iam"},"__PV_SystemProperties":{"Child Count":"5","Component Name":"G_ST70_XX_96882V","Display Name":"G_ST70_XX_96882V","Model Extents (mm)":"290","OL File Name":"","Part Depth":"1","Part ID Path":"/","Part Name":"G_ST70_XX_96882V","Part Path":"G_ST70_XX_96882V"},"__StructureProperties":{"Bounds":{"min":[-9.313225746154785e-10,0,-0.0005999989807605743],"max":[0.04975000023841858,0.28999999165534973,0.2248000055551529]},"Location":[1,0,0,0,0,1,0,0,0,0,1,0,0,0,0,1]}},"/1":{"":{"Source_file_name":"A5E30439164A_001.ipt"},"Mass Properties":{"CenterOfGravity":"0.000000,0.000000,0.000000","Density":"1.000000","IsMassOverridden":"FALSE","IsUptoDate":"FALSE","IsVolumeOverridden":"FALSE","Mass":"0.000000","MomentsOfInertia":"Ixx : 1.000000,Iyy : 1.000000,Izz : 1.000000","SurfaceArea":"0.000000","Volume":"0.000000"},"Project Properties":{"Creation Date":"9/30/2024 0:0:0","Description":" ","Designer":"dpozo","Part Number":"A5E30439164A_001","Revision No":" ","SubType":"Modeling"},"Status Properties":{"Design State":"WorkInProgress"},"Summary Properties":{"Author":"dpozo"},"__PV_SystemProperties":{"Child Count":"0","Component Name":"A5E30439164A_001","Display Name":"A5E30439164A_001_1001","Model Extents (mm)":"290","OL File Name":"G_ST70_XX_96882V_5.ol","Part Depth":"2","Part ID":"1","Part ID Path":"/1","Part Name":"A5E30439164A_001_1001","Part Path":"G_ST70_XX_96882V/A5E30439164A_001_1001"},"__StructureProperties":{"Bounds":{"min":[-9.313225746154785e-10,0,-0.0005999989807605743],"max":[0.04975000023841858,0.28999999165534973,0.2248000055551529]},"Location":[6.123233995736766e-17,-1,0,0,-1,-6.123233995736766e-17,1.2246467991473532e-16,0,-1.2246467991473532e-16,-7.498798913309288e-33,-1,0,0.008449999615550041,0.27072998881340027,0.02539999969303608,1]}},"/2":{"":{"Source_file_name":"A5E30372724A_001.ipt"},"Mass Properties":{"CenterOfGravity":"0.000000,0.000000,0.000000","Density":"1.000000","IsMassOverridden":"FALSE","IsUptoDate":"FALSE","IsVolumeOverridden":"FALSE","Mass":"0.000000","MomentsOfInertia":"Ixx : 1.000000,Iyy : 1.000000,Izz : 1.000000","SurfaceArea":"0.000000","Volume":"0.000000"},"Project Properties":{"Creation Date":"9/30/2024 0:0:0","Description":" ","Designer":"dpozo","Part Number":"A5E30372724A_001","Revision No":" ","SubType":"Modeling"},"Status Properties":{"Design State":"WorkInProgress"},"Summary Properties":{"Author":"dpozo"},"__PV_SystemProperties":{"Child Count":"0","Component Name":"A5E30372724A_001","Display Name":"A5E30372724A_001_1002","Model Extents (mm)":"163.015","OL File Name":"G_ST70_XX_96882V_4.ol","Part Depth":"2","Part ID":"2","Part ID Path":"/2","Part Name":"A5E30372724A_001_1002","Part Path":"G_ST70_XX_96882V/A5E30372724A_001_1002"},"__StructureProperties":{"Bounds":{"min":[-9.313225746154785e-10,0,0.14729426801204681],"max":[0.04975000023841858,0.16301541030406952,0.21588799357414246]},"Location":[6.123233995736766e-17,-1,0,0,-1,-6.123233995736766e-17,1.2246467991473532e-16,0,-1.2246467991473532e-16,-7.498798913309288e-33,-1,0,0.008449999615550041,0.27079999446868896,0.024397410452365875,1]}},"/3":{"":{"Source_file_name":"A5E30443719A_001.ipt"},"Mass Properties":{"CenterOfGravity":"0.000000,0.000000,0.000000","Density":"7.150000","IsMassOverridden":"FALSE","IsUptoDate":"FALSE","IsVolumeOverridden":"FALSE","Mass":"0.000000","MomentsOfInertia":"Ixx : 1.000000,Iyy : 1.000000,Izz : 1.000000","SurfaceArea":"0.000000","Volume":"0.000000"},"Project Properties":{"Creation Date":"9/30/2024 0:0:0","Description":" ","Designer":"dpozo","Part Number":"A5E30443719A_001","Revision No":" ","SubType":"Modeling"},"Status Properties":{"Design State":"WorkInProgress"},"Summary Properties":{"Author":"dpozo"},"__PV_SystemProperties":{"Child Count":"0","Component Name":"A5E30443719A_001","Display Name":"A5E30443719A_001_1003","Model Extents (mm)":"284.078","OL File Name":"G_ST70_XX_96882V_3.ol","Part Depth":"2","Part ID":"3","Part ID Path":"/3","Part Name":"A5E30443719A_001_1003","Part Path":"G_ST70_XX_96882V/A5E30443719A_001_1003"},"__StructureProperties":{"Bounds":{"min":[0.0021405580919235945,0.004048666916787624,0.20679999887943268],"max":[0.04486493766307831,0.2881264388561249,0.20990000665187836]},"Location":[1,0,0,0,0,6.123233995736766e-17,1,0,0,-1,6.123233995736766e-17,0,0.00024055817630141973,-0.0004072412848472595,0.20980000495910645,1]}},"/4":{"":{"Source_file_name":"A5E30443724A_001.ipt"},"Mass Properties":{"CenterOfGravity":"0.000000,0.000000,0.000000","Density":"7.150000","IsMassOverridden":"FALSE","IsUptoDate":"FALSE","IsVolumeOverridden":"FALSE","Mass":"0.000000","MomentsOfInertia":"Ixx : 1.000000,Iyy : 1.000000,Izz : 1.000000","SurfaceArea":"0.000000","Volume":"0.000000"},"Project Properties":{"Creation Date":"9/30/2024 0:0:0","Description":" ","Designer":"dpozo","Part Number":"A5E30443724A_001","Revision No":" ","SubType":"Modeling"},"Status Properties":{"Design State":"WorkInProgress"},"Summary Properties":{"Author":"dpozo"},"__PV_SystemProperties":{"Child Count":"0","Component Name":"A5E30443724A_001","Display Name":"A5E30443724A_001_1004","Model Extents (mm)":"21.1103","OL File Name":"G_ST70_XX_96882V_2.ol","Part Depth":"2","Part ID":"4","Part ID Path":"/4","Part Name":"A5E30443724A_001_1004","Part Path":"G_ST70_XX_96882V/A5E30443724A_001_1004"},"__StructureProperties":{"Bounds":{"min":[0.00977996364235878,0.010152076371014118,0.20979762077331543],"max":[0.030890213325619698,0.020337095484137535,0.20989784598350525]},"Location":[0.9999999998761442,-0.000011129053791064701,-0.0000111290537917539,0,0.000011129053791064701,-1.2385577706741192e-10,0.9999999999380721,0,-0.0000111290537917539,-0.9999999999380721,6.123233995357567e-17,0,0.007779853418469429,0.00025246196310035884,0.20979787409305573,1]}},"/5":{"":{"Source_file_name":"A5E30562085A_001.ipt"},"Mass Properties":{"CenterOfGravity":"0.000000,0.000000,0.000000","Density":"7.150000","IsMassOverridden":"FALSE","IsUptoDate":"FALSE","IsVolumeOverridden":"FALSE","Mass":"0.000000","MomentsOfInertia":"Ixx : 1.000000,Iyy : 1.000000,Izz : 1.000000","SurfaceArea":"0.000000","Volume":"0.000000"},"Project Properties":{"Creation Date":"9/30/2024 0:0:0","Description":" ","Designer":"dpozo","Part Number":"A5E30562085A_001","Revision No":" ","SubType":"Modeling"},"Status Properties":{"Design State":"WorkInProgress"},"Summary Properties":{"Author":"dpozo"},"__PV_SystemProperties":{"Child Count":"0","Component Name":"A5E30562085A_001","Display Name":"A5E30562085A_001_1005","Model Extents (mm)":"61.8","OL File Name":"G_ST70_XX_96882V.ol","Part Depth":"2","Part ID":"5","Part ID Path":"/5","Part Name":"A5E30562085A_001_1005","Part Path":"G_ST70_XX_96882V/A5E30562085A_001_1005"},"__StructureProperties":{"Bounds":{"min":[0.0025749998167157173,0.00017000362277030945,0.1453000009059906],"max":[0.022174999117851257,0.045670002698898315,0.2071000039577484]},"Location":[1,0,0,0,0,1,0,0,0,0,1,0,0.012374999932944775,0.04447000101208687,0.15230000019073486,1]}}}
