{"/":{"":{"Adapter_name":"fbx2pv","Adapter_platform":"x86e_win64","Adapter_version":"20.1.5.1-Q3TIBO","Source_file_name":"hanging_monitor.fbx"},"__PV_SystemProperties":{"Child Count":"2","Component Name":"hanging_monitor","Display Name":"hanging_monitor","Model Extents (mm)":"671.782","OL File Name":"","Part Depth":"1","Part ID Path":"/","Part Name":"hanging_monitor","Part Path":"hanging_monitor"},"__StructureProperties":{"Bounds":{"min":[-0.33403098583221436,0.0001497119665145874,-0.07226593792438507],"max":[0.3377506136894226,0.3374304473400116,0.07226603478193283]},"Location":[1,0,0,0,0,1,0,0,0,0,1,0,0,0,0,1]}},"/37":{"__PV_SystemProperties":{"Child Count":"0","Component Name":"monitor","Display Name":"monitor","Model Extents (mm)":"671.782","OL File Name":"hanging_monitor.ol","Part Depth":"2","Part ID":"37","Part ID Path":"/37","Part Name":"monitor","Part Path":"hanging_monitor/monitor"},"__StructureProperties":{"Bounds":{"min":[-0.33403098583221436,0.0001497119665145874,-0.07226593792438507],"max":[0.3377506136894226,0.3374304473400116,0.07226603478193283]},"Location":[1,0,0,0,0,6.123233995736766e-17,-1,0,0,1,6.123233995736766e-17,0,0,0.16501915454864502,7.1525572131747595e-9,1]}},"/38":{"__PV_SystemProperties":{"Child Count":"0","Component Name":"screen","Display Name":"screen","Model Extents (mm)":"657.399","OL File Name":"hanging_monitor_2.ol","Part Depth":"2","Part ID":"38","Part ID Path":"/38","Part Name":"screen","Part Path":"hanging_monitor/screen"},"__StructureProperties":{"Bounds":{"min":[-0.3270148038864136,0.008150219917297363,0.02725682407617569],"max":[0.33038410544395447,0.3307318091392517,0.0693601667881012]},"Location":[1,0,0,0,0,6.123233995736766e-17,-1,0,0,1,6.123233995736766e-17,0,-0.00009962081821868196,0.16586673259735107,0.04830850660800934,1]}}}
