{"/":{"":{"Adapter_name":"pgl2pv","Adapter_platform":"x86e_win64","Adapter_version":"20.1.5.1-Q3TIBO","Source_file_name":"p71029tgba_050_gi_l100.prt.1"},"__PV_SystemProperties":{"Child Count":"0","Component Name":"p71029tgba_050_gi_l100.prt","Display Name":"p71029tgba_050_gi_l100.prt","Model Extents (mm)":"185.437","OL File Name":"p71029tgba_050_gi_l100.ol","Part Depth":"1","Part ID Path":"/","Part Name":"p71029tgba_050_gi_l100.prt","Part Path":"p71029tgba_050_gi_l100.prt"},"__StructureProperties":{"Bounds":{"min":[-0.05900000408291817,-0.10000000149011612,-0.03500000014901161],"max":[0.0334252305328846,0.08543696254491806,0.03500000014901161]},"Location":[1,0,0,0,0,1,0,0,0,0,1,0,0,0,0,1]}}}
