{"/":{"":{"Adapter_name":"step2pv","Adapter_platform":"x86e_win64","Adapter_version":"20.1.5.1-Q3TIBO","Pro/E Layer Compatibility":"1","Source_file_name":"PC Dell OptiPlex Micro 7010.SLDPRT.STEP"},"__PV_SystemProperties":{"Child Count":"5","Component Name":"PC Dell OptiPlex Micro 7010.SLDPRT","Display Name":"PC Dell OptiPlex Micro 7010.SLDPRT","Model Extents (mm)":"194.5","OL File Name":"","Part Depth":"1","Part ID Path":"/","Part Name":"PC Dell OptiPlex Micro 7010.SLDPRT","Part Path":"PC Dell OptiPlex Micro 7010.SLDPRT"},"__StructureProperties":{"Bounds":{"min":[-0.020800000056624413,-0.09125000238418579,-0.1014999970793724],"max":[0.017999999225139618,0.09125000238418579,0.09300000220537186]},"Location":[1,0,0,0,0,1,0,0,0,0,1,0,0,0,0,1]}},"/3":{"":{"Pro/E Layer Compatibility":"1"},"__PV_SystemProperties":{"Child Count":"0","Component Name":"FRENTE_PC_DELL_OPTIPLEX_MICRO_7.PRT","Display Name":"FRENTE_PC_DELL_OPTIPLEX_MICRO_7.PRT","Model Extents (mm)":"182.5","OL File Name":"PC Dell OptiPlex Micro 7010.SLDPRT.ol","Part Depth":"2","Part ID":"3","Part ID Path":"/3","Part Name":"FRENTE_PC_DELL_OPTIPLEX_MICRO_7.PRT","Part Path":"PC Dell OptiPlex Micro 7010.SLDPRT/FRENTE_PC_DELL_OPTIPLEX_MICRO_7.PRT"},"__StructureProperties":{"Bounds":{"min":[-0.017999999225139618,-0.09125000238418579,0.08500000089406967],"max":[0.017999999225139618,0.09125000238418579,0.09300000220537186]},"Location":[1,0,0,0,0,1,0,0,0,0,1,0,0,0,0.08500000089406967,1]}},"/4":{"":{"Pro/E Layer Compatibility":"1"},"__PV_SystemProperties":{"Child Count":"0","Component Name":"GANCHO_FIX.PRT","Display Name":"GANCHO_FIX.PRT","Model Extents (mm)":"21.6975","OL File Name":"PC Dell OptiPlex Micro 7010.SLDPRT_2.ol","Part Depth":"2","Part ID":"4","Part ID Path":"/4","Part Name":"GANCHO_FIX.PRT","Part Path":"PC Dell OptiPlex Micro 7010.SLDPRT/GANCHO_FIX.PRT"},"__StructureProperties":{"Bounds":{"min":[0.006800000090152025,0.01029999926686287,-0.0982000008225441],"max":[0.01600000075995922,0.02879999950528145,-0.0765024796128273]},"Location":[6.123233995736766e-17,-1,-5.551115187922866e-17,0,6.123233995736766e-17,5.551115187922866e-17,-1,0,1,6.123233995736766e-17,6.123233995736766e-17,0,0.007400000002235174,0.02879999950528145,-0.08500000089406967,1]}},"/5":{"":{"Pro/E Layer Compatibility":"1"},"__PV_SystemProperties":{"Child Count":"0","Component Name":"TAMPA_ANTENA.PRT","Display Name":"TAMPA_ANTENA.PRT","Model Extents (mm)":"23.15","OL File Name":"PC Dell OptiPlex Micro 7010.SLDPRT_3.ol","Part Depth":"2","Part ID":"5","Part ID Path":"/5","Part Name":"TAMPA_ANTENA.PRT","Part Path":"PC Dell OptiPlex Micro 7010.SLDPRT/TAMPA_ANTENA.PRT"},"__StructureProperties":{"Bounds":{"min":[-0.012325000017881393,0.06960000097751617,-0.10000000149011612],"max":[0.010825000703334808,0.08560000360012054,-0.08500000089406967]},"Location":[-1,-1.2246467991473532e-16,-3.081487946989184e-33,0,1.0580286860298473e-32,-6.123233995736766e-17,-1,0,1.2246467991473532e-16,-1,6.123233995736766e-17,0,-0.000750000006519258,0.07760000228881836,-0.08500000089406967,1]}},"/6":{"":{"Pro/E Layer Compatibility":"1"},"__PV_SystemProperties":{"Child Count":"0","Component Name":"CAIXA_PC_DELL_OPTIPLEX_MICRO_70.PRT","Display Name":"CAIXA_PC_DELL_OPTIPLEX_MICRO_70.PRT","Model Extents (mm)":"186.5","OL File Name":"PC Dell OptiPlex Micro 7010.SLDPRT_4.ol","Part Depth":"2","Part ID":"6","Part ID Path":"/6","Part Name":"CAIXA_PC_DELL_OPTIPLEX_MICRO_70.PRT","Part Path":"PC Dell OptiPlex Micro 7010.SLDPRT/CAIXA_PC_DELL_OPTIPLEX_MICRO_70.PRT"},"__StructureProperties":{"Bounds":{"min":[-0.020800000056624413,-0.09125000238418579,-0.1014999970793724],"max":[0.017999999225139618,0.09125000238418579,0.08500000089406967]},"Location":[1,0,0,0,0,1,0,0,0,0,1,0,0,0,0,1]}},"/7":{"":{"Pro/E Layer Compatibility":"1"},"__PV_SystemProperties":{"Child Count":"0","Component Name":"PARAF_FIX_TAMPA.PRT","Display Name":"PARAF_FIX_TAMPA.PRT","Model Extents (mm)":"15.8","OL File Name":"PC Dell OptiPlex Micro 7010.SLDPRT_5.ol","Part Depth":"2","Part ID":"7","Part ID Path":"/7","Part Name":"PARAF_FIX_TAMPA.PRT","Part Path":"PC Dell OptiPlex Micro 7010.SLDPRT/PARAF_FIX_TAMPA.PRT"},"__StructureProperties":{"Bounds":{"min":[0.006585543975234032,0.010085543617606163,-0.09260000288486481],"max":[0.016214456409215927,0.01971445605158806,-0.07680000364780426]},"Location":[0.024656508504004016,-0.9996959820807484,-1.110223037584573e-16,0,5.84763018520284e-17,1.1249832669955705e-16,-1,0,0.9996959820807484,0.024656508504004016,6.123233995736766e-17,0,0.01140000019222498,0.01489999983459711,-0.09260000288486481,1]}}}
