{"/":{"":{"Adapter_name":"inv2pvdirect","Adapter_platform":"x86e_win64","Adapter_version":"20.1.5.1-Q3TIBO","Source_file_name":"PCSNEOCPU1.iam"},"__PV_SystemProperties":{"Child Count":"32","Component Name":"PCSNEOCPU1","Display Name":"PCSNEOCPU1","Model Extents (mm)":"290","OL File Name":"","Part Depth":"1","Part ID Path":"/","Part Name":"PCSNEOCPU1","Part Path":"PCSNEOCPU1"},"__StructureProperties":{"Bounds":{"min":[0.10643337666988373,-0.26845884323120117,-0.17436622083187103],"max":[0.3669333755970001,0.02154114842414856,0.05232299864292145]},"Location":[1,0,0,0,0,1,0,0,0,0,1,0,0,0,0,1]}},"/1":{"":{"Source_file_name":"G_ST70_XX_96882V.iam"},"__PV_SystemProperties":{"Child Count":"5","Component Name":"G_ST70_XX_96882V","Display Name":"G_ST70_XX_96882V","Model Extents (mm)":"290","OL File Name":"","Part Depth":"2","Part ID":"1","Part ID Path":"/1","Part Name":"G_ST70_XX_96882V","Part Path":"PCSNEOCPU1/G_ST70_XX_96882V"},"__StructureProperties":{"Bounds":{"min":[0.10643337666988373,-0.26845884323120117,-0.17307700216770172],"max":[0.1561833769083023,0.02154114842414856,0.05232299864292145]},"Location":[1,-3.990625364949365e-11,-8.46792397116061e-16,0,3.990625364949365e-11,1,3.607928370301162e-16,0,8.467923971016631e-16,-3.6079283706390854e-16,1,0,0.10643337666988373,-0.26845884323120117,-0.17247700691223145,1]}},"/1/1":{"":{"Source_file_name":"A5E30439164A_001.ipt"},"Mass Properties":{"CenterOfGravity":"0.000000,0.000000,0.000000","Density":"7.150000","IsMassOverridden":"FALSE","IsUptoDate":"FALSE","IsVolumeOverridden":"FALSE","Mass":"0.000000","MomentsOfInertia":"Ixx : 1.000000,Iyy : 1.000000,Izz : 1.000000","SurfaceArea":"0.000000","Volume":"0.000000"},"Project Properties":{"Creation Date":"9/30/2024 0:0:0","Description":" ","Designer":"dpozo","Part Number":"A5E30439164A_001","Revision No":" ","SubType":"Modeling"},"Status Properties":{"Design State":"WorkInProgress"},"Summary Properties":{"Author":"dpozo"},"__PV_SystemProperties":{"Child Count":"0","Component Name":"A5E30439164A_001","Display Name":"A5E30439164A_001_1001","Model Extents (mm)":"290","OL File Name":"PCSNEOCPU1_12.ol","Part Depth":"3","Part ID":"1","Part ID Path":"/1/1","Part Name":"A5E30439164A_001_1001","Part Path":"PCSNEOCPU1/G_ST70_XX_96882V/A5E30439164A_001_1001"},"__StructureProperties":{"Bounds":{"min":[0.10643337666988373,-0.26845884323120117,-0.17307700216770172],"max":[0.1561833769083023,0.02154114469885826,0.05232299864292145]},"Location":[-3.990619241715369e-11,-1,-3.6079283703011626e-16,0,-1,3.990619241715369e-11,9.692570770307962e-16,0,-9.692570770163983e-16,3.6079283706879564e-16,-1,0,0.11488337629623761,0.0022711455818618664,-0.14707700721919528,1]}},"/1/2":{"":{"Source_file_name":"A5E30372724A_001.ipt"},"Mass Properties":{"CenterOfGravity":"0.000000,0.000000,0.000000","Density":"7.150000","IsMassOverridden":"FALSE","IsUptoDate":"FALSE","IsVolumeOverridden":"FALSE","Mass":"0.000000","MomentsOfInertia":"Ixx : 1.000000,Iyy : 1.000000,Izz : 1.000000","SurfaceArea":"0.000000","Volume":"0.000000"},"Project Properties":{"Creation Date":"9/30/2024 0:0:0","Description":" ","Designer":"dpozo","Part Number":"A5E30372724A_001","Revision No":" ","SubType":"Modeling"},"Status Properties":{"Design State":"WorkInProgress"},"Summary Properties":{"Author":"dpozo"},"__PV_SystemProperties":{"Child Count":"0","Component Name":"A5E30372724A_001","Display Name":"A5E30372724A_001_1002","Model Extents (mm)":"163.015","OL File Name":"PCSNEOCPU1_11.ol","Part Depth":"3","Part ID":"2","Part ID Path":"/1/2","Part Name":"A5E30372724A_001_1002","Part Path":"PCSNEOCPU1/G_ST70_XX_96882V/A5E30372724A_001_1002"},"__StructureProperties":{"Bounds":{"min":[0.10643337666988373,-0.26845884323120117,-0.02518274635076523],"max":[0.1561833769083023,-0.10544344037771225,0.04341098666191101]},"Location":[-3.990619241715369e-11,-1,-3.6079283703011626e-16,0,-1,3.990619241715369e-11,9.692570770307962e-16,0,-9.692570770163983e-16,3.6079283706879564e-16,-1,0,0.1148833762962404,0.0023411512371505627,-0.1480795964598655,1]}},"/1/3":{"":{"Source_file_name":"A5E30443719A_001.ipt"},"Mass Properties":{"CenterOfGravity":"0.000000,0.000000,0.000000","Density":"7.150000","IsMassOverridden":"FALSE","IsUptoDate":"FALSE","IsVolumeOverridden":"FALSE","Mass":"0.000000","MomentsOfInertia":"Ixx : 1.000000,Iyy : 1.000000,Izz : 1.000000","SurfaceArea":"0.000000","Volume":"0.000000"},"Project Properties":{"Creation Date":"9/30/2024 0:0:0","Description":" ","Designer":"dpozo","Part Number":"A5E30443719A_001","Revision No":" ","SubType":"Modeling"},"Status Properties":{"Design State":"WorkInProgress"},"Summary Properties":{"Author":"dpozo"},"__PV_SystemProperties":{"Child Count":"0","Component Name":"A5E30443719A_001","Display Name":"A5E30443719A_001_1003","Model Extents (mm)":"284.078","OL File Name":"PCSNEOCPU1_10.ol","Part Depth":"3","Part ID":"3","Part ID Path":"/1/3","Part Name":"A5E30443719A_001_1003","Part Path":"PCSNEOCPU1/G_ST70_XX_96882V/A5E30443719A_001_1003"},"__StructureProperties":{"Bounds":{"min":[0.10857393592596054,-0.26441019773483276,0.034322988241910934],"max":[0.15129831433296204,0.019667595624923706,0.037422988563776016]},"Location":[1,-3.990625364949365e-11,-8.46792397116061e-16,0,8.467923971041067e-16,-2.9956049710654087e-16,1,0,-3.990625364949365e-11,-1,-2.9956049707274854e-16,0,0.10667393484616908,-0.2688660845160581,0.037322998046875,1]}},"/1/4":{"":{"Source_file_name":"A5E30443724A_001.ipt"},"Mass Properties":{"CenterOfGravity":"0.000000,0.000000,0.000000","Density":"7.150000","IsMassOverridden":"FALSE","IsUptoDate":"FALSE","IsVolumeOverridden":"FALSE","Mass":"0.000000","MomentsOfInertia":"Ixx : 1.000000,Iyy : 1.000000,Izz : 1.000000","SurfaceArea":"0.000000","Volume":"0.000000"},"Project Properties":{"Creation Date":"9/30/2024 0:0:0","Description":" ","Designer":"dpozo","Part Number":"A5E30443724A_001","Revision No":" ","SubType":"Modeling"},"Status Properties":{"Design State":"WorkInProgress"},"Summary Properties":{"Author":"dpozo"},"__PV_SystemProperties":{"Child Count":"0","Component Name":"A5E30443724A_001","Display Name":"A5E30443724A_001_1004","Model Extents (mm)":"21.1103","OL File Name":"PCSNEOCPU1_9.ol","Part Depth":"3","Part ID":"4","Part ID Path":"/1/4","Part Name":"A5E30443724A_001_1004","Part Path":"PCSNEOCPU1/G_ST70_XX_96882V/A5E30443724A_001_1004"},"__StructureProperties":{"Bounds":{"min":[0.11621333658695221,-0.2583067715167999,0.03732060641050339],"max":[0.13732358813285828,-0.24812175333499908,0.0374208427965641]},"Location":[0.9999999998761437,-0.000011129093697318341,-0.000011129053792600695,0,0.000011129053791911488,-1.2385658197909242e-10,0.9999999999380721,0,-0.000011129093698007547,-0.9999999999380716,-2.9955107305605943e-16,0,0.11421323008836341,-0.26820638126841134,0.03732086718082428,1]}},"/1/5":{"":{"Source_file_name":"A5E30562085A_001.ipt"},"Mass Properties":{"CenterOfGravity":"0.000000,0.000000,0.000000","Density":"7.150000","IsMassOverridden":"FALSE","IsUptoDate":"FALSE","IsVolumeOverridden":"FALSE","Mass":"0.000000","MomentsOfInertia":"Ixx : 1.000000,Iyy : 1.000000,Izz : 1.000000","SurfaceArea":"0.000000","Volume":"0.000000"},"Project Properties":{"Creation Date":"9/30/2024 0:0:0","Description":" ","Designer":"dpozo","Part Number":"A5E30562085A_001","Revision No":" ","SubType":"Modeling"},"Status Properties":{"Design State":"WorkInProgress"},"Summary Properties":{"Author":"dpozo"},"__PV_SystemProperties":{"Child Count":"0","Component Name":"A5E30562085A_001","Display Name":"A5E30562085A_001_1005","Model Extents (mm)":"61.8","OL File Name":"PCSNEOCPU1_8.ol","Part Depth":"3","Part ID":"5","Part ID Path":"/1/5","Part Name":"A5E30562085A_001_1005","Part Path":"PCSNEOCPU1/G_ST70_XX_96882V/A5E30562085A_001_1005"},"__StructureProperties":{"Bounds":{"min":[0.10900837182998657,-0.26828885078430176,-0.02717701345682144],"max":[0.12860837578773499,-0.22278885543346405,0.03462298586964607]},"Location":[1,-3.990625364949365e-11,-8.46792397116061e-16,0,3.990625364949365e-11,1,3.607928370301162e-16,0,8.467923971016631e-16,-3.6079283706390854e-16,1,0,0.11880837660460326,-0.2239888422196082,-0.020177006721496582,1]}},"/2":{"":{"Source_file_name":"G_ST70_XX_98624V.iam"},"__PV_SystemProperties":{"Child Count":"3","Component Name":"G_ST70_XX_98624V","Display Name":"G_ST70_XX_98624V","Model Extents (mm)":"290","OL File Name":"","Part Depth":"2","Part ID":"2","Part ID Path":"/2","Part Name":"G_ST70_XX_98624V","Part Path":"PCSNEOCPU1/G_ST70_XX_98624V"},"__StructureProperties":{"Bounds":{"min":[0.15718337893486023,-0.26845884323120117,-0.174077570438385],"max":[0.2069333791732788,0.02154114842414856,0.043410420417785645]},"Location":[1,-5.412337243546921e-16,-5.5504373638150226e-17,0,5.412337243546921e-16,1,8.049117077926332e-16,0,5.550437363814979e-17,-8.049117077926332e-16,1,0,0.15718337893486023,-0.26845884323120117,-0.17347757518291473,1]}},"/2/1":{"":{"Source_file_name":"A5E32610339A_001.ipt"},"Mass Properties":{"CenterOfGravity":"0.000000,0.000000,0.000000","Density":"7.150000","IsMassOverridden":"FALSE","IsUptoDate":"FALSE","IsVolumeOverridden":"FALSE","Mass":"0.000000","MomentsOfInertia":"Ixx : 1.000000,Iyy : 1.000000,Izz : 1.000000","SurfaceArea":"0.000000","Volume":"0.000000"},"Project Properties":{"Creation Date":"9/30/2024 0:0:0","Description":" ","Designer":"dpozo","Part Number":"A5E32610339A_001","Revision No":" ","SubType":"Modeling"},"Status Properties":{"Design State":"WorkInProgress"},"Summary Properties":{"Author":"dpozo"},"__PV_SystemProperties":{"Child Count":"0","Component Name":"A5E32610339A_001","Display Name":"A5E32610339A_001_1001","Model Extents (mm)":"290","OL File Name":"PCSNEOCPU1_7.ol","Part Depth":"3","Part ID":"1","Part ID Path":"/2/1","Part Name":"A5E32610339A_001_1001","Part Path":"PCSNEOCPU1/G_ST70_XX_98624V/A5E32610339A_001_1001"},"__StructureProperties":{"Bounds":{"min":[0.15718337893486023,-0.26845884323120117,-0.174077570438385],"max":[0.2069333791732788,0.02154114469885826,0.03752242028713226]},"Location":[-4.800013843973244e-16,-1,-8.049117077926332e-16,0,-1,4.800013843973243e-16,1.7796905355288549e-16,0,-1.7796905355288512e-16,8.049117077926333e-16,-1,0,0.1656333785504104,0.0022711455821990967,-0.14807757548987843,1]}},"/2/2":{"":{"Source_file_name":"A5E32621542A_001.ipt"},"Mass Properties":{"CenterOfGravity":"0.000000,0.000000,0.000000","Density":"7.150000","IsMassOverridden":"FALSE","IsUptoDate":"FALSE","IsVolumeOverridden":"FALSE","Mass":"0.000000","MomentsOfInertia":"Ixx : 1.000000,Iyy : 1.000000,Izz : 1.000000","SurfaceArea":"0.000000","Volume":"0.000000"},"Project Properties":{"Creation Date":"9/30/2024 0:0:0","Description":" ","Designer":"dpozo","Part Number":"A5E32621542A_001","Revision No":" ","SubType":"Modeling"},"Status Properties":{"Design State":"WorkInProgress"},"Summary Properties":{"Author":"dpozo"},"__PV_SystemProperties":{"Child Count":"0","Component Name":"A5E32621542A_001","Display Name":"A5E32621542A_001_1002","Model Extents (mm)":"269.95","OL File Name":"PCSNEOCPU1_6.ol","Part Depth":"3","Part ID":"2","Part ID Path":"/2/2","Part Name":"A5E32621542A_001_1002","Part Path":"PCSNEOCPU1/G_ST70_XX_98624V/A5E32621542A_001_1002"},"__StructureProperties":{"Bounds":{"min":[0.15847498178482056,-0.2498752474784851,-0.020177576690912247],"max":[0.20631012320518494,0.020074903964996338,0.03742242231965065]},"Location":[1,-5.412337243546921e-16,-5.5504373638150226e-17,0,5.550437363814982e-17,-7.436793678352655e-16,1,0,-5.412337243546921e-16,-1,-7.436793678352655e-16,0,0.15751470424584113,-0.26845884323120134,0.037322431802749634,1]}},"/2/3":{"":{"Source_file_name":"A5E30372724A_001.ipt"},"Mass Properties":{"CenterOfGravity":"0.000000,0.000000,0.000000","Density":"7.150000","IsMassOverridden":"FALSE","IsUptoDate":"FALSE","IsVolumeOverridden":"FALSE","Mass":"0.000000","MomentsOfInertia":"Ixx : 1.000000,Iyy : 1.000000,Izz : 1.000000","SurfaceArea":"0.000000","Volume":"0.000000"},"Project Properties":{"Creation Date":"9/30/2024 0:0:0","Description":" ","Designer":"dpozo","Part Number":"A5E30372724A_001","Revision No":" ","SubType":"Modeling"},"Status Properties":{"Design State":"WorkInProgress"},"Summary Properties":{"Author":"dpozo"},"__PV_SystemProperties":{"Child Count":"0","Component Name":"A5E30372724A_001","Display Name":"A5E30372724A_001_1003","Model Extents (mm)":"163.015","OL File Name":"PCSNEOCPU1_5.ol","Part Depth":"3","Part ID":"3","Part ID Path":"/2/3","Part Name":"A5E30372724A_001_1003","Part Path":"PCSNEOCPU1/G_ST70_XX_98624V/A5E30372724A_001_1003"},"__StructureProperties":{"Bounds":{"min":[0.15718337893486023,-0.26845884323120117,-0.025183312594890594],"max":[0.2069333791732788,-0.10544344037771225,0.043410420417785645]},"Location":[-4.800013843973244e-16,-1,-8.049117077926332e-16,0,-1,4.800013843973243e-16,1.7796905355288549e-16,0,-1.7796905355288512e-16,8.049117077926333e-16,-1,0,0.1656333785504104,0.002341151237487793,-0.14808016456663586,1]}},"/4":{"":{"Source_file_name":"BASTIDORES.iam"},"__PV_SystemProperties":{"Child Count":"21","Component Name":"BASTIDORES","Display Name":"BASTIDORES","Model Extents (mm)":"290","OL File Name":"","Part Depth":"2","Part ID":"4","Part ID Path":"/4","Part Name":"BASTIDORES","Part Path":"PCSNEOCPU1/BASTIDORES"},"__StructureProperties":{"Bounds":{"min":[0.2069333791732788,-0.26845884323120117,-0.17436622083187103],"max":[0.3669333755970001,0.02154114842414856,-0.14196622371673584]},"Location":[6.123233995736766e-17,-1,0,0,6.123233995736766e-17,3.749399456654644e-33,1,0,-1,-6.123233995736766e-17,6.123233995736766e-17,0,0.27281421422958374,-0.13166378438472748,-0.1706680953502655,1]}},"/4/1":{"":{"Source_file_name":"SOPORTE GENERAL.ipt"},"Mass Properties":{"CenterOfGravity":"0.000000,0.000000,0.000000","Density":"1.000000","IsMassOverridden":"FALSE","IsUptoDate":"FALSE","IsVolumeOverridden":"FALSE","Mass":"0.000000","MomentsOfInertia":"Ixx : 1.000000,Iyy : 1.000000,Izz : 1.000000","SurfaceArea":"0.000000","Volume":"0.000000"},"Project Properties":{"Creation Date":"10/1/2024 0:0:0","Designer":"dpozo","Part Number":"SOPORTE GENERAL","SubType":"Modeling"},"Status Properties":{"Design State":"WorkInProgress"},"Summary Properties":{"Author":"dpozo"},"__PV_SystemProperties":{"Child Count":"0","Component Name":"SOPORTE GENERAL","Display Name":"SOPORTE GENERAL","Model Extents (mm)":"290","OL File Name":"PCSNEOCPU1_4.ol","Part Depth":"3","Part ID":"1","Part ID Path":"/4/1","Part Name":"SOPORTE GENERAL","Part Path":"PCSNEOCPU1/BASTIDORES/SOPORTE GENERAL"},"__StructureProperties":{"Bounds":{"min":[0.2069333791732788,-0.26845884323120117,-0.17436622083187103],"max":[0.3669333755970001,0.021541140973567963,-0.15666621923446655]},"Location":[6.123233995737089e-17,-1,-8.049117077926332e-16,0,-2.4737159311841656e-15,-8.049117077926334e-16,1,0,-1,-6.123233995736889e-17,-2.4737159311841656e-15,0,0.3669333755970001,-0.12345884926617146,-0.16406622296199203,1]}},"/4/18":{"":{"Source_file_name":"PARTE_NEGRA_SUPERIOR.ipt"},"Mass Properties":{"CenterOfGravity":"0.000000,0.000000,0.000000","Density":"1.000000","IsMassOverridden":"FALSE","IsUptoDate":"FALSE","IsVolumeOverridden":"FALSE","Mass":"0.000000","MomentsOfInertia":"Ixx : 1.000000,Iyy : 1.000000,Izz : 1.000000","SurfaceArea":"0.000000","Volume":"0.000000"},"Project Properties":{"Creation Date":"10/1/2024 0:0:0","Designer":"dpozo","Part Number":"PARTE_NEGRA_SUPERIOR","SubType":"Modeling"},"Status Properties":{"Design State":"WorkInProgress"},"Summary Properties":{"Author":"dpozo"},"__PV_SystemProperties":{"Child Count":"0","Component Name":"PARTE_NEGRA_SUPERIOR","Display Name":"PARTE_NEGRA_SUPERIOR","Model Extents (mm)":"286.1","OL File Name":"PCSNEOCPU1_3.ol","Part Depth":"3","Part ID":"18","Part ID Path":"/4/18","Part Name":"PARTE_NEGRA_SUPERIOR","Part Path":"PCSNEOCPU1/BASTIDORES/PARTE_NEGRA_SUPERIOR"},"__StructureProperties":{"Bounds":{"min":[0.2749333679676056,-0.2680588364601135,-0.1595662236213684],"max":[0.29643335938453674,0.018041148781776428,-0.14846622943878174]},"Location":[-2.5620617365952193e-15,-6.123233995736782e-17,1,0,-6.123233995736766e-17,-1,-6.123233995736797e-17,0,1,-6.123233995736783e-17,2.5620617365952193e-15,0,0.28568337485194206,-0.12500884989276528,-0.15956622269004583,1]}},"/4/19":{"":{"Source_file_name":"SOPORTE_BLANCO.ipt"},"Mass Properties":{"CenterOfGravity":"0.000000,0.000000,0.000000","Density":"1.000000","IsMassOverridden":"FALSE","IsUptoDate":"FALSE","IsVolumeOverridden":"FALSE","Mass":"0.000000","MomentsOfInertia":"Ixx : 1.000000,Iyy : 1.000000,Izz : 1.000000","SurfaceArea":"0.000000","Volume":"0.000000"},"Project Properties":{"Creation Date":"10/1/2024 0:0:0","Designer":"dpozo","Part Number":"SOPORTE_BLANCO","SubType":"Modeling"},"Status Properties":{"Design State":"WorkInProgress"},"Summary Properties":{"Author":"dpozo"},"__PV_SystemProperties":{"Child Count":"0","Component Name":"SOPORTE_BLANCO","Display Name":"SOPORTE_BLANCO","Model Extents (mm)":"18.9","OL File Name":"PCSNEOCPU1_2.ol","Part Depth":"3","Part ID":"19","Part ID Path":"/4/19","Part Name":"SOPORTE_BLANCO","Part Path":"PCSNEOCPU1/BASTIDORES/SOPORTE_BLANCO"},"__StructureProperties":{"Bounds":{"min":[0.2774333655834198,-0.005826854147017002,-0.1610662341117859],"max":[0.29393336176872253,0.013073144480586052,-0.15206623077392578]},"Location":[-2.4228916299486364e-15,-1,3.2196468311705327e-15,0,-1,2.4228916299486368e-15,1.224646799147273e-16,0,-1.2246467991473512e-16,-3.2196468311705327e-15,-1,0,0.28568337485194206,0.00957314670085907,-0.15206622332334518,1]}},"/4/2":{"":{"Source_file_name":"PARTE_NEGRA_SUPERIOR.ipt"},"Mass Properties":{"CenterOfGravity":"0.000000,0.000000,0.000000","Density":"1.000000","IsMassOverridden":"FALSE","IsUptoDate":"FALSE","IsVolumeOverridden":"FALSE","Mass":"0.000000","MomentsOfInertia":"Ixx : 1.000000,Iyy : 1.000000,Izz : 1.000000","SurfaceArea":"0.000000","Volume":"0.000000"},"Project Properties":{"Creation Date":"10/1/2024 0:0:0","Designer":"dpozo","Part Number":"PARTE_NEGRA_SUPERIOR","SubType":"Modeling"},"Status Properties":{"Design State":"WorkInProgress"},"Summary Properties":{"Author":"dpozo"},"__PV_SystemProperties":{"Child Count":"0","Component Name":"PARTE_NEGRA_SUPERIOR","Display Name":"PARTE_NEGRA_SUPERIOR","Model Extents (mm)":"286.1","OL File Name":"PCSNEOCPU1_3.ol","Part Depth":"3","Part ID":"2","Part ID Path":"/4/2","Part Name":"PARTE_NEGRA_SUPERIOR","Part Path":"PCSNEOCPU1/BASTIDORES/PARTE_NEGRA_SUPERIOR"},"__StructureProperties":{"Bounds":{"min":[0.21193337440490723,-0.2680588364601135,-0.1595662236213684],"max":[0.23343336582183838,0.018041148781776428,-0.14846622943878174]},"Location":[-2.4737159311841656e-15,-6.123233995736782e-17,1,0,1.8369701987210297e-16,-1,-6.123233995736736e-17,0,1,1.8369701987210282e-16,2.4737159311841656e-15,0,0.2226833738386631,-0.12500884989276528,-0.15956622269004583,1]}},"/4/20":{"":{"Source_file_name":"PARTE_BLANCA.ipt"},"Mass Properties":{"CenterOfGravity":"0.000000,0.000000,0.000000","Density":"1.000000","IsMassOverridden":"FALSE","IsUptoDate":"FALSE","IsVolumeOverridden":"FALSE","Mass":"0.000000","MomentsOfInertia":"Ixx : 1.000000,Iyy : 1.000000,Izz : 1.000000","SurfaceArea":"0.000000","Volume":"0.000000"},"Project Properties":{"Creation Date":"10/1/2024 0:0:0","Designer":"dpozo","Part Number":"PARTE_BLANCA","SubType":"Modeling"},"Status Properties":{"Design State":"WorkInProgress"},"Summary Properties":{"Author":"dpozo"},"__PV_SystemProperties":{"Child Count":"0","Component Name":"PARTE_BLANCA","Display Name":"PARTE_BLANCA","Model Extents (mm)":"139.8","OL File Name":"PCSNEOCPU1.ol","Part Depth":"3","Part ID":"20","Part ID Path":"/4/20","Part Name":"PARTE_BLANCA","Part Path":"PCSNEOCPU1/BASTIDORES/PARTE_BLANCA"},"__StructureProperties":{"Bounds":{"min":[0.27693337202072144,-0.21546784043312073,-0.14846622943878174],"max":[0.2939333915710449,-0.0756678506731987,-0.14196622371673584]},"Location":[1,6.123233995736766e-17,0,0,-6.123233995736766e-17,1,6.123233995736766e-17,0,0,-6.123233995736766e-17,1,0,0.2854333743453026,-0.14556784927845,-0.1484662238508463,1]}},"/4/21":{"":{"Source_file_name":"SOPORTE_BLANCO.ipt"},"Mass Properties":{"CenterOfGravity":"0.000000,0.000000,0.000000","Density":"1.000000","IsMassOverridden":"FALSE","IsUptoDate":"FALSE","IsVolumeOverridden":"FALSE","Mass":"0.000000","MomentsOfInertia":"Ixx : 1.000000,Iyy : 1.000000,Izz : 1.000000","SurfaceArea":"0.000000","Volume":"0.000000"},"Project Properties":{"Creation Date":"10/1/2024 0:0:0","Designer":"dpozo","Part Number":"SOPORTE_BLANCO","SubType":"Modeling"},"Status Properties":{"Design State":"WorkInProgress"},"Summary Properties":{"Author":"dpozo"},"__PV_SystemProperties":{"Child Count":"0","Component Name":"SOPORTE_BLANCO","Display Name":"SOPORTE_BLANCO","Model Extents (mm)":"18.9297","OL File Name":"PCSNEOCPU1_2.ol","Part Depth":"3","Part ID":"21","Part ID Path":"/4/21","Part Name":"SOPORTE_BLANCO","Part Path":"PCSNEOCPU1/BASTIDORES/SOPORTE_BLANCO"},"__StructureProperties":{"Bounds":{"min":[0.277427077293396,-0.26310572028160095,-0.15746623277664185],"max":[0.2939611077308655,-0.2441760152578354,-0.14846622943878174]},"Location":[0.001803054268228863,0.9999983744963318,1.223540756160351e-16,0,0.9999983744963318,-0.001803054268228863,-1.2268539084516967e-16,0,-1.224645803813421e-16,1.225750851466491e-16,-1,0,0.28568337485194206,-0.25959084928035736,-0.1484662238508463,1]}},"/4/22":{"":{"Source_file_name":"PARTE_NEGRA_SUPERIOR.ipt"},"Mass Properties":{"CenterOfGravity":"0.000000,0.000000,0.000000","Density":"1.000000","IsMassOverridden":"FALSE","IsUptoDate":"FALSE","IsVolumeOverridden":"FALSE","Mass":"0.000000","MomentsOfInertia":"Ixx : 1.000000,Iyy : 1.000000,Izz : 1.000000","SurfaceArea":"0.000000","Volume":"0.000000"},"Project Properties":{"Creation Date":"10/1/2024 0:0:0","Designer":"dpozo","Part Number":"PARTE_NEGRA_SUPERIOR","SubType":"Modeling"},"Status Properties":{"Design State":"WorkInProgress"},"Summary Properties":{"Author":"dpozo"},"__PV_SystemProperties":{"Child Count":"0","Component Name":"PARTE_NEGRA_SUPERIOR","Display Name":"PARTE_NEGRA_SUPERIOR","Model Extents (mm)":"286.1","OL File Name":"PCSNEOCPU1_3.ol","Part Depth":"3","Part ID":"22","Part ID Path":"/4/22","Part Name":"PARTE_NEGRA_SUPERIOR","Part Path":"PCSNEOCPU1/BASTIDORES/PARTE_NEGRA_SUPERIOR"},"__StructureProperties":{"Bounds":{"min":[0.30643337965011597,-0.2680588364601135,-0.1595662236213684],"max":[0.3279333710670471,0.018041148781776428,-0.14846622943878174]},"Location":[-2.5620617365952193e-15,-6.123233995736782e-17,1,0,1.8369701987210297e-16,-1,-6.123233995736735e-17,0,1,1.8369701987210282e-16,2.5620617365952193e-15,0,0.31718337535858154,-0.12500884989276528,-0.15956622269004583,1]}},"/4/23":{"":{"Source_file_name":"SOPORTE_BLANCO.ipt"},"Mass Properties":{"CenterOfGravity":"0.000000,0.000000,0.000000","Density":"1.000000","IsMassOverridden":"FALSE","IsUptoDate":"FALSE","IsVolumeOverridden":"FALSE","Mass":"0.000000","MomentsOfInertia":"Ixx : 1.000000,Iyy : 1.000000,Izz : 1.000000","SurfaceArea":"0.000000","Volume":"0.000000"},"Project Properties":{"Creation Date":"10/1/2024 0:0:0","Designer":"dpozo","Part Number":"SOPORTE_BLANCO","SubType":"Modeling"},"Status Properties":{"Design State":"WorkInProgress"},"Summary Properties":{"Author":"dpozo"},"__PV_SystemProperties":{"Child Count":"0","Component Name":"SOPORTE_BLANCO","Display Name":"SOPORTE_BLANCO","Model Extents (mm)":"18.9","OL File Name":"PCSNEOCPU1_2.ol","Part Depth":"3","Part ID":"23","Part ID Path":"/4/23","Part Name":"SOPORTE_BLANCO","Part Path":"PCSNEOCPU1/BASTIDORES/SOPORTE_BLANCO"},"__StructureProperties":{"Bounds":{"min":[0.3089333772659302,-0.005826854147017002,-0.1610662341117859],"max":[0.3254333734512329,0.013073144480586052,-0.15206623077392578]},"Location":[-2.4228916299486364e-15,-1,1.9706458196429873e-15,0,-1,2.4228916299486368e-15,1.2246467991473041e-16,0,-1.224646799147352e-16,-1.9706458196429873e-15,-1,0,0.31718337535858154,0.00957314670085907,-0.15206622332334518,1]}},"/4/24":{"":{"Source_file_name":"PARTE_BLANCA.ipt"},"Mass Properties":{"CenterOfGravity":"0.000000,0.000000,0.000000","Density":"1.000000","IsMassOverridden":"FALSE","IsUptoDate":"FALSE","IsVolumeOverridden":"FALSE","Mass":"0.000000","MomentsOfInertia":"Ixx : 1.000000,Iyy : 1.000000,Izz : 1.000000","SurfaceArea":"0.000000","Volume":"0.000000"},"Project Properties":{"Creation Date":"10/1/2024 0:0:0","Designer":"dpozo","Part Number":"PARTE_BLANCA","SubType":"Modeling"},"Status Properties":{"Design State":"WorkInProgress"},"Summary Properties":{"Author":"dpozo"},"__PV_SystemProperties":{"Child Count":"0","Component Name":"PARTE_BLANCA","Display Name":"PARTE_BLANCA","Model Extents (mm)":"139.8","OL File Name":"PCSNEOCPU1.ol","Part Depth":"3","Part ID":"24","Part ID Path":"/4/24","Part Name":"PARTE_BLANCA","Part Path":"PCSNEOCPU1/BASTIDORES/PARTE_BLANCA"},"__StructureProperties":{"Bounds":{"min":[0.3084333539009094,-0.21546784043312073,-0.14846622943878174],"max":[0.3254333734512329,-0.0756678506731987,-0.14196622371673584]},"Location":[1,6.123233995736766e-17,0,0,-6.123233995736766e-17,1,6.123233995736766e-17,0,0,-6.123233995736766e-17,1,0,0.31693337485194206,-0.14556784927845,-0.1484662238508463,1]}},"/4/25":{"":{"Source_file_name":"SOPORTE_BLANCO.ipt"},"Mass Properties":{"CenterOfGravity":"0.000000,0.000000,0.000000","Density":"1.000000","IsMassOverridden":"FALSE","IsUptoDate":"FALSE","IsVolumeOverridden":"FALSE","Mass":"0.000000","MomentsOfInertia":"Ixx : 1.000000,Iyy : 1.000000,Izz : 1.000000","SurfaceArea":"0.000000","Volume":"0.000000"},"Project Properties":{"Creation Date":"10/1/2024 0:0:0","Designer":"dpozo","Part Number":"SOPORTE_BLANCO","SubType":"Modeling"},"Status Properties":{"Design State":"WorkInProgress"},"Summary Properties":{"Author":"dpozo"},"__PV_SystemProperties":{"Child Count":"0","Component Name":"SOPORTE_BLANCO","Display Name":"SOPORTE_BLANCO","Model Extents (mm)":"18.9297","OL File Name":"PCSNEOCPU1_2.ol","Part Depth":"3","Part ID":"25","Part ID Path":"/4/25","Part Name":"SOPORTE_BLANCO","Part Path":"PCSNEOCPU1/BASTIDORES/SOPORTE_BLANCO"},"__StructureProperties":{"Bounds":{"min":[0.30892708897590637,-0.26310572028160095,-0.15746623277664185],"max":[0.32546111941337585,-0.2441760152578354,-0.14846622943878174]},"Location":[0.001803054268228863,0.9999983744963318,1.223540756160351e-16,0,0.9999983744963318,-0.001803054268228863,-1.2268539084516967e-16,0,-1.224645803813421e-16,1.225750851466491e-16,-1,0,0.31718337535858154,-0.25959084928035736,-0.1484662238508463,1]}},"/4/26":{"":{"Source_file_name":"PARTE_NEGRA_SUPERIOR.ipt"},"Mass Properties":{"CenterOfGravity":"0.000000,0.000000,0.000000","Density":"1.000000","IsMassOverridden":"FALSE","IsUptoDate":"FALSE","IsVolumeOverridden":"FALSE","Mass":"0.000000","MomentsOfInertia":"Ixx : 1.000000,Iyy : 1.000000,Izz : 1.000000","SurfaceArea":"0.000000","Volume":"0.000000"},"Project Properties":{"Creation Date":"10/1/2024 0:0:0","Designer":"dpozo","Part Number":"PARTE_NEGRA_SUPERIOR","SubType":"Modeling"},"Status Properties":{"Design State":"WorkInProgress"},"Summary Properties":{"Author":"dpozo"},"__PV_SystemProperties":{"Child Count":"0","Component Name":"PARTE_NEGRA_SUPERIOR","Display Name":"PARTE_NEGRA_SUPERIOR","Model Extents (mm)":"286.1","OL File Name":"PCSNEOCPU1_3.ol","Part Depth":"3","Part ID":"26","Part ID Path":"/4/26","Part Name":"PARTE_NEGRA_SUPERIOR","Part Path":"PCSNEOCPU1/BASTIDORES/PARTE_NEGRA_SUPERIOR"},"__StructureProperties":{"Bounds":{"min":[0.33793339133262634,-0.2680588364601135,-0.1595662236213684],"max":[0.3594333827495575,0.018041148781776428,-0.14846622943878174]},"Location":[-3.4194421454306563e-15,-6.123233995736787e-17,1,0,-6.123233995736766e-17,-1,-6.123233995736808e-17,0,1,-6.123233995736788e-17,3.4194421454306563e-15,0,0.3486833721399307,-0.12500884989276528,-0.15956622269004583,1]}},"/4/27":{"":{"Source_file_name":"SOPORTE_BLANCO.ipt"},"Mass Properties":{"CenterOfGravity":"0.000000,0.000000,0.000000","Density":"1.000000","IsMassOverridden":"FALSE","IsUptoDate":"FALSE","IsVolumeOverridden":"FALSE","Mass":"0.000000","MomentsOfInertia":"Ixx : 1.000000,Iyy : 1.000000,Izz : 1.000000","SurfaceArea":"0.000000","Volume":"0.000000"},"Project Properties":{"Creation Date":"10/1/2024 0:0:0","Designer":"dpozo","Part Number":"SOPORTE_BLANCO","SubType":"Modeling"},"Status Properties":{"Design State":"WorkInProgress"},"Summary Properties":{"Author":"dpozo"},"__PV_SystemProperties":{"Child Count":"0","Component Name":"SOPORTE_BLANCO","Display Name":"SOPORTE_BLANCO","Model Extents (mm)":"18.9","OL File Name":"PCSNEOCPU1_2.ol","Part Depth":"3","Part ID":"27","Part ID Path":"/4/27","Part Name":"SOPORTE_BLANCO","Part Path":"PCSNEOCPU1/BASTIDORES/SOPORTE_BLANCO"},"__StructureProperties":{"Bounds":{"min":[0.34043338894844055,-0.005826854147017002,-0.1610662341117859],"max":[0.3569333851337433,0.013073144480586052,-0.15206623077392578]},"Location":[-2.4228916299486364e-15,-1,3.2196468311705327e-15,0,-1,2.4228916299486368e-15,1.224646799147273e-16,0,-1.2246467991473512e-16,-3.2196468311705327e-15,-1,0,0.3486833721399307,0.00957314670085907,-0.15206622332334518,1]}},"/4/28":{"":{"Source_file_name":"PARTE_BLANCA.ipt"},"Mass Properties":{"CenterOfGravity":"0.000000,0.000000,0.000000","Density":"1.000000","IsMassOverridden":"FALSE","IsUptoDate":"FALSE","IsVolumeOverridden":"FALSE","Mass":"0.000000","MomentsOfInertia":"Ixx : 1.000000,Iyy : 1.000000,Izz : 1.000000","SurfaceArea":"0.000000","Volume":"0.000000"},"Project Properties":{"Creation Date":"10/1/2024 0:0:0","Designer":"dpozo","Part Number":"PARTE_BLANCA","SubType":"Modeling"},"Status Properties":{"Design State":"WorkInProgress"},"Summary Properties":{"Author":"dpozo"},"__PV_SystemProperties":{"Child Count":"0","Component Name":"PARTE_BLANCA","Display Name":"PARTE_BLANCA","Model Extents (mm)":"139.8","OL File Name":"PCSNEOCPU1.ol","Part Depth":"3","Part ID":"28","Part ID Path":"/4/28","Part Name":"PARTE_BLANCA","Part Path":"PCSNEOCPU1/BASTIDORES/PARTE_BLANCA"},"__StructureProperties":{"Bounds":{"min":[0.3399333655834198,-0.21546784043312073,-0.14846622943878174],"max":[0.3569333851337433,-0.0756678506731987,-0.14196622371673584]},"Location":[1,6.123233995736766e-17,0,0,-6.123233995736766e-17,1,6.123233995736766e-17,0,0,-6.123233995736766e-17,1,0,0.34843337535858154,-0.14556784927845,-0.1484662238508463,1]}},"/4/29":{"":{"Source_file_name":"SOPORTE_BLANCO.ipt"},"Mass Properties":{"CenterOfGravity":"0.000000,0.000000,0.000000","Density":"1.000000","IsMassOverridden":"FALSE","IsUptoDate":"FALSE","IsVolumeOverridden":"FALSE","Mass":"0.000000","MomentsOfInertia":"Ixx : 1.000000,Iyy : 1.000000,Izz : 1.000000","SurfaceArea":"0.000000","Volume":"0.000000"},"Project Properties":{"Creation Date":"10/1/2024 0:0:0","Designer":"dpozo","Part Number":"SOPORTE_BLANCO","SubType":"Modeling"},"Status Properties":{"Design State":"WorkInProgress"},"Summary Properties":{"Author":"dpozo"},"__PV_SystemProperties":{"Child Count":"0","Component Name":"SOPORTE_BLANCO","Display Name":"SOPORTE_BLANCO","Model Extents (mm)":"18.9297","OL File Name":"PCSNEOCPU1_2.ol","Part Depth":"3","Part ID":"29","Part ID Path":"/4/29","Part Name":"SOPORTE_BLANCO","Part Path":"PCSNEOCPU1/BASTIDORES/SOPORTE_BLANCO"},"__StructureProperties":{"Bounds":{"min":[0.34042710065841675,-0.26310572028160095,-0.15746623277664185],"max":[0.35696113109588623,-0.2441760152578354,-0.14846622943878174]},"Location":[0.001803054268228863,0.9999983744963318,1.223540756160351e-16,0,0.9999983744963318,-0.001803054268228863,-1.2268539084516967e-16,0,-1.224645803813421e-16,1.225750851466491e-16,-1,0,0.3486833721399307,-0.25959084928035736,-0.1484662238508463,1]}},"/4/3":{"":{"Source_file_name":"SOPORTE_BLANCO.ipt"},"Mass Properties":{"CenterOfGravity":"0.000000,0.000000,0.000000","Density":"1.000000","IsMassOverridden":"FALSE","IsUptoDate":"FALSE","IsVolumeOverridden":"FALSE","Mass":"0.000000","MomentsOfInertia":"Ixx : 1.000000,Iyy : 1.000000,Izz : 1.000000","SurfaceArea":"0.000000","Volume":"0.000000"},"Project Properties":{"Creation Date":"10/1/2024 0:0:0","Designer":"dpozo","Part Number":"SOPORTE_BLANCO","SubType":"Modeling"},"Status Properties":{"Design State":"WorkInProgress"},"Summary Properties":{"Author":"dpozo"},"__PV_SystemProperties":{"Child Count":"0","Component Name":"SOPORTE_BLANCO","Display Name":"SOPORTE_BLANCO","Model Extents (mm)":"18.9","OL File Name":"PCSNEOCPU1_2.ol","Part Depth":"3","Part ID":"3","Part ID Path":"/4/3","Part Name":"SOPORTE_BLANCO","Part Path":"PCSNEOCPU1/BASTIDORES/SOPORTE_BLANCO"},"__StructureProperties":{"Bounds":{"min":[0.21443337202072144,-0.005826854147017002,-0.1610662341117859],"max":[0.23093336820602417,0.013073144480586052,-0.15206623077392578]},"Location":[-2.4228916299486364e-15,-1,2.4147351233778996e-15,0,-1,2.4228916299486368e-15,1.2246467991472933e-16,0,-1.2246467991473517e-16,-2.4147351233778996e-15,-1,0,0.2226833738386631,0.00957314670085907,-0.15206622332334518,1]}},"/4/4":{"":{"Source_file_name":"PARTE_BLANCA.ipt"},"Mass Properties":{"CenterOfGravity":"0.000000,0.000000,0.000000","Density":"1.000000","IsMassOverridden":"FALSE","IsUptoDate":"FALSE","IsVolumeOverridden":"FALSE","Mass":"0.000000","MomentsOfInertia":"Ixx : 1.000000,Iyy : 1.000000,Izz : 1.000000","SurfaceArea":"0.000000","Volume":"0.000000"},"Project Properties":{"Creation Date":"10/1/2024 0:0:0","Designer":"dpozo","Part Number":"PARTE_BLANCA","SubType":"Modeling"},"Status Properties":{"Design State":"WorkInProgress"},"Summary Properties":{"Author":"dpozo"},"__PV_SystemProperties":{"Child Count":"0","Component Name":"PARTE_BLANCA","Display Name":"PARTE_BLANCA","Model Extents (mm)":"139.8","OL File Name":"PCSNEOCPU1.ol","Part Depth":"3","Part ID":"4","Part ID Path":"/4/4","Part Name":"PARTE_BLANCA","Part Path":"PCSNEOCPU1/BASTIDORES/PARTE_BLANCA"},"__StructureProperties":{"Bounds":{"min":[0.21393337845802307,-0.21546784043312073,-0.14846622943878174],"max":[0.23093336820602417,-0.0756678506731987,-0.14196622371673584]},"Location":[1,6.123233995736766e-17,0,0,-6.123233995736766e-17,1,6.123233995736766e-17,0,0,-6.123233995736766e-17,1,0,0.22243337333202362,-0.14556784927845,-0.1484662238508463,1]}},"/4/5":{"":{"Source_file_name":"SOPORTE_BLANCO.ipt"},"Mass Properties":{"CenterOfGravity":"0.000000,0.000000,0.000000","Density":"1.000000","IsMassOverridden":"FALSE","IsUptoDate":"FALSE","IsVolumeOverridden":"FALSE","Mass":"0.000000","MomentsOfInertia":"Ixx : 1.000000,Iyy : 1.000000,Izz : 1.000000","SurfaceArea":"0.000000","Volume":"0.000000"},"Project Properties":{"Creation Date":"10/1/2024 0:0:0","Designer":"dpozo","Part Number":"SOPORTE_BLANCO","SubType":"Modeling"},"Status Properties":{"Design State":"WorkInProgress"},"Summary Properties":{"Author":"dpozo"},"__PV_SystemProperties":{"Child Count":"0","Component Name":"SOPORTE_BLANCO","Display Name":"SOPORTE_BLANCO","Model Extents (mm)":"18.9297","OL File Name":"PCSNEOCPU1_2.ol","Part Depth":"3","Part ID":"5","Part ID Path":"/4/5","Part Name":"SOPORTE_BLANCO","Part Path":"PCSNEOCPU1/BASTIDORES/SOPORTE_BLANCO"},"__StructureProperties":{"Bounds":{"min":[0.21442706882953644,-0.26310572028160095,-0.15746623277664185],"max":[0.2309611290693283,-0.2441760152578354,-0.14846622943878174]},"Location":[0.001803054268228863,0.9999983744963318,1.223540756160351e-16,0,0.9999983744963318,-0.001803054268228863,-1.2268539084516967e-16,0,-1.224645803813421e-16,1.225750851466491e-16,-1,0,0.2226833738386631,-0.25959084928035736,-0.1484662238508463,1]}},"/4/6":{"":{"Source_file_name":"PARTE_NEGRA_SUPERIOR.ipt"},"Mass Properties":{"CenterOfGravity":"0.000000,0.000000,0.000000","Density":"1.000000","IsMassOverridden":"FALSE","IsUptoDate":"FALSE","IsVolumeOverridden":"FALSE","Mass":"0.000000","MomentsOfInertia":"Ixx : 1.000000,Iyy : 1.000000,Izz : 1.000000","SurfaceArea":"0.000000","Volume":"0.000000"},"Project Properties":{"Creation Date":"10/1/2024 0:0:0","Designer":"dpozo","Part Number":"PARTE_NEGRA_SUPERIOR","SubType":"Modeling"},"Status Properties":{"Design State":"WorkInProgress"},"Summary Properties":{"Author":"dpozo"},"__PV_SystemProperties":{"Child Count":"0","Component Name":"PARTE_NEGRA_SUPERIOR","Display Name":"PARTE_NEGRA_SUPERIOR","Model Extents (mm)":"286.1","OL File Name":"PCSNEOCPU1_3.ol","Part Depth":"3","Part ID":"6","Part ID Path":"/4/6","Part Name":"PARTE_NEGRA_SUPERIOR","Part Path":"PCSNEOCPU1/BASTIDORES/PARTE_NEGRA_SUPERIOR"},"__StructureProperties":{"Bounds":{"min":[0.2434333860874176,-0.2680588364601135,-0.1595662236213684],"max":[0.26493337750434875,0.018041148781776428,-0.14846622943878174]},"Location":[-3.3186987670767508e-15,-6.123233995736787e-17,1,0,1.8369701987210297e-16,-1,-6.123233995736725e-17,0,1,1.8369701987210277e-16,3.3186987670767508e-15,0,0.2541833743453026,-0.12500884989276528,-0.15956622269004583,1]}},"/4/7":{"":{"Source_file_name":"SOPORTE_BLANCO.ipt"},"Mass Properties":{"CenterOfGravity":"0.000000,0.000000,0.000000","Density":"1.000000","IsMassOverridden":"FALSE","IsUptoDate":"FALSE","IsVolumeOverridden":"FALSE","Mass":"0.000000","MomentsOfInertia":"Ixx : 1.000000,Iyy : 1.000000,Izz : 1.000000","SurfaceArea":"0.000000","Volume":"0.000000"},"Project Properties":{"Creation Date":"10/1/2024 0:0:0","Designer":"dpozo","Part Number":"SOPORTE_BLANCO","SubType":"Modeling"},"Status Properties":{"Design State":"WorkInProgress"},"Summary Properties":{"Author":"dpozo"},"__PV_SystemProperties":{"Child Count":"0","Component Name":"SOPORTE_BLANCO","Display Name":"SOPORTE_BLANCO","Model Extents (mm)":"18.9","OL File Name":"PCSNEOCPU1_2.ol","Part Depth":"3","Part ID":"7","Part ID Path":"/4/7","Part Name":"SOPORTE_BLANCO","Part Path":"PCSNEOCPU1/BASTIDORES/SOPORTE_BLANCO"},"__StructureProperties":{"Bounds":{"min":[0.2459333837032318,-0.005826854147017002,-0.1610662341117859],"max":[0.26243337988853455,0.013073144480586052,-0.15206623077392578]},"Location":[-2.4228916299486364e-15,-1,3.2196468311705327e-15,0,-1,2.4228916299486368e-15,1.224646799147273e-16,0,-1.2246467991473512e-16,-3.2196468311705327e-15,-1,0,0.2541833743453026,0.00957314670085907,-0.15206622332334518,1]}},"/4/8":{"":{"Source_file_name":"PARTE_BLANCA.ipt"},"Mass Properties":{"CenterOfGravity":"0.000000,0.000000,0.000000","Density":"1.000000","IsMassOverridden":"FALSE","IsUptoDate":"FALSE","IsVolumeOverridden":"FALSE","Mass":"0.000000","MomentsOfInertia":"Ixx : 1.000000,Iyy : 1.000000,Izz : 1.000000","SurfaceArea":"0.000000","Volume":"0.000000"},"Project Properties":{"Creation Date":"10/1/2024 0:0:0","Designer":"dpozo","Part Number":"PARTE_BLANCA","SubType":"Modeling"},"Status Properties":{"Design State":"WorkInProgress"},"Summary Properties":{"Author":"dpozo"},"__PV_SystemProperties":{"Child Count":"0","Component Name":"PARTE_BLANCA","Display Name":"PARTE_BLANCA","Model Extents (mm)":"139.8","OL File Name":"PCSNEOCPU1.ol","Part Depth":"3","Part ID":"8","Part ID Path":"/4/8","Part Name":"PARTE_BLANCA","Part Path":"PCSNEOCPU1/BASTIDORES/PARTE_BLANCA"},"__StructureProperties":{"Bounds":{"min":[0.24543337523937225,-0.21546784043312073,-0.14846622943878174],"max":[0.26243337988853455,-0.0756678506731987,-0.14196622371673584]},"Location":[1,6.123233995736766e-17,0,0,-6.123233995736766e-17,1,6.123233995736766e-17,0,0,-6.123233995736766e-17,1,0,0.2539333738386631,-0.14556784927845,-0.1484662238508463,1]}},"/4/9":{"":{"Source_file_name":"SOPORTE_BLANCO.ipt"},"Mass Properties":{"CenterOfGravity":"0.000000,0.000000,0.000000","Density":"1.000000","IsMassOverridden":"FALSE","IsUptoDate":"FALSE","IsVolumeOverridden":"FALSE","Mass":"0.000000","MomentsOfInertia":"Ixx : 1.000000,Iyy : 1.000000,Izz : 1.000000","SurfaceArea":"0.000000","Volume":"0.000000"},"Project Properties":{"Creation Date":"10/1/2024 0:0:0","Designer":"dpozo","Part Number":"SOPORTE_BLANCO","SubType":"Modeling"},"Status Properties":{"Design State":"WorkInProgress"},"Summary Properties":{"Author":"dpozo"},"__PV_SystemProperties":{"Child Count":"0","Component Name":"SOPORTE_BLANCO","Display Name":"SOPORTE_BLANCO","Model Extents (mm)":"18.9297","OL File Name":"PCSNEOCPU1_2.ol","Part Depth":"3","Part ID":"9","Part ID Path":"/4/9","Part Name":"SOPORTE_BLANCO","Part Path":"PCSNEOCPU1/BASTIDORES/SOPORTE_BLANCO"},"__StructureProperties":{"Bounds":{"min":[0.24592708051204681,-0.26310572028160095,-0.15746623277664185],"max":[0.2624611258506775,-0.2441760152578354,-0.14846622943878174]},"Location":[0.001803054268228863,0.9999983744963318,1.223540756160351e-16,0,0.9999983744963318,-0.001803054268228863,-1.2268539084516967e-16,0,-1.224645803813421e-16,1.225750851466491e-16,-1,0,0.2541833743453026,-0.25959084928035736,-0.1484662238508463,1]}}}
