{"/":{"":{"Adapter_name":"inv2pvdirect","Adapter_platform":"x86e_win64","Adapter_version":"20.1.5.1-Q3TIBO","Source_file_name":"Siemens Sitrans P_1.ipt"},"Mass Properties":{"CenterOfGravity":"0.000000,0.000000,0.000000","Density":"1.000000","IsMassOverridden":"FALSE","IsUptoDate":"FALSE","IsVolumeOverridden":"FALSE","Mass":"0.000000","MomentsOfInertia":"Ixx : 1.000000,Iyy : 1.000000,Izz : 1.000000","SurfaceArea":"0.000000","Volume":"0.000000"},"Project Properties":{"Creation Date":"10/7/2024 0:0:0","Designer":"dpozo","Part Number":"Siemens Sitrans P_1","SubType":"Modeling"},"Status Properties":{"Design State":"WorkInProgress"},"Summary Properties":{"Author":"dpozo"},"__PV_SystemProperties":{"Child Count":"0","Component Name":"Siemens Sitrans P_1","Display Name":"Siemens Sitrans P_1","Model Extents (mm)":"40","OL File Name":"Siemens Sitrans P_1.ol","Part Depth":"1","Part ID Path":"/","Part Name":"Siemens Sitrans P_1","Part Path":"Siemens Sitrans P_1"},"__StructureProperties":{"Bounds":{"min":[-0.019999999552965164,-0.019999999552965164,0.051100000739097595],"max":[0.019999999552965164,0.019999999552965164,0.055399999022483826]},"Location":[1,0,0,0,0,1,0,0,0,0,1,0,0,0,0,1]}}}
