{"/":{"":{"Adapter_name":"step2pv","Adapter_platform":"x86e_win64","Adapter_version":"20.1.5.1-Q3TIBO","Pro/E Layer Compatibility":"1","Source_file_name":"suporte_Sensor.stp"},"__PV_SystemProperties":{"Child Count":"0","Component Name":"suporte_Sensor","Display Name":"suporte_Sensor","Model Extents (mm)":"57.5","OL File Name":"suporte_Sensor.ol","Part Depth":"1","Part ID Path":"/","Part Name":"suporte_Sensor","Part Path":"suporte_Sensor"},"__StructureProperties":{"Bounds":{"min":[0,-0.05000000074505806,-0.007492571137845516],"max":[0.009999999776482582,0.007499999832361937,0.007492571137845516]},"Location":[1,0,0,0,0,1,0,0,0,0,1,0,0,0,0,1]}}}
